Name,x,points
,0.0,0.0
,0.2,0.11458333333333333
,0.4,0.22916666666666666
,0.6,0.34375
,0.8,0.4791666666666667
,1.0,1.0
,0.0,0.0
,0.2,0.1111111111111111
,0.4,0.2222222222222222
,0.6,0.3333333333333333
,0.8,0.4444444444444444
,1.0,1.0
,0.0,0.0
,0.2,0.0707070707070707
,0.4,0.1414141414141414
,0.6,0.21212121212121213
,0.8,0.2828282828282828
,1.0,1.0
,0.0,0.0
,0.2,0.06060606060606061
,0.4,0.12121212121212122
,0.6,0.18181818181818182
,0.8,0.24242424242424243
,1.0,1.0
