Name,x,points
,0.0,0.0
,0.2,0.030120481927710843
,0.4,0.060240963855421686
,0.6,0.09036144578313253
,0.8,0.12048192771084337
,1.0,1.0
