Name,x,points
,0.0,0.0
,0.2,0.06060606060606061
,0.4,0.12121212121212122
,0.6,0.18181818181818182
,0.8,0.24242424242424243
,1.0,1.0
,0.0,0.0
,0.2,0.13131313131313133
,0.4,0.26262626262626265
,0.6,0.3939393939393939
,0.8,0.5353535353535354
,1.0,1.0
,0.0,0.0
,0.2,0.08
,0.4,0.16
,0.6,0.24
,0.8,0.36
,1.0,1.0
,0.0,0.0
,0.2,0.09090909090909091
,0.4,0.18181818181818182
,0.6,0.2727272727272727
,0.8,0.3838383838383838
,1.0,1.0
