Name,x,points
,0.0,0.0
,0.2,0.08247422680412371
,0.4,0.16494845360824742
,0.6,0.24742268041237114
,0.8,0.32989690721649484
,1.0,1.0
,0.0,0.0
,0.2,0.11
,0.4,0.22
,0.6,0.33
,0.8,0.44
,1.0,1.0
,0.0,0.0
,0.2,0.13541666666666666
,0.4,0.2708333333333333
,0.6,0.40625
,0.8,0.5416666666666666
,1.0,1.0
