Name,x,points
,0.0,0.0
,0.2,0.0707070707070707
,0.4,0.1414141414141414
,0.6,0.21212121212121213
,0.8,0.2828282828282828
,1.0,1.0
,0.0,0.0
,0.2,0.10204081632653061
,0.4,0.20408163265306123
,0.6,0.30612244897959184
,0.8,0.40816326530612246
,1.0,1.0
,0.0,0.0
,0.2,0.11224489795918367
,0.4,0.22448979591836735
,0.6,0.336734693877551
,0.8,0.4489795918367347
,1.0,1.0
,0.0,0.0
,0.2,0.07368421052631578
,0.4,0.14736842105263157
,0.6,0.22105263157894736
,0.8,0.3263157894736842
,1.0,1.0
