Name,x,points
,0.0,0.0
,0.2,0.030120481927710843
,0.4,0.060240963855421686
,0.6,0.09036144578313253
,0.8,0.12048192771084337
,1.0,1.0
,0.0,0.0
,0.2,0.020134228187919462
,0.4,0.040268456375838924
,0.6,0.06040268456375839
,0.8,0.087248322147651
,1.0,1.0
,0.0,0.0
,0.2,0.010044642857142858
,0.4,0.020089285714285716
,0.6,0.030133928571428572
,0.8,0.04352678571428571
,1.0,1.0
