Name,x,points
,0.0,0.0
,0.2,0.07526881720430108
,0.4,0.15053763440860216
,0.6,0.22580645161290322
,0.8,0.3548387096774194
,1.0,1.0
,0.0,0.0
,0.2,0.13402061855670103
,0.4,0.26804123711340205
,0.6,0.4020618556701031
,0.8,0.5360824742268041
,1.0,1.0
,0.0,0.0
,0.2,0.06060606060606061
,0.4,0.12121212121212122
,0.6,0.18181818181818182
,0.8,0.29292929292929293
,1.0,1.0
,0.0,0.0
,0.2,0.06451612903225806
,0.4,0.12903225806451613
,0.6,0.1935483870967742
,0.8,0.25806451612903225
,1.0,1.0
