Name,x,points
,0.0,0.0
,0.2,0.04081632653061224
,0.4,0.08163265306122448
,0.6,0.12244897959183673
,0.8,0.16326530612244897
,1.0,1.0
,0.0,0.0
,0.2,0.061224489795918366
,0.4,0.12244897959183673
,0.6,0.1836734693877551
,0.8,0.29591836734693877
,1.0,1.0
