Name,x,points
,0.0,0.0
,0.2,0.09278350515463918
,0.4,0.18556701030927836
,0.6,0.27835051546391754
,0.8,0.3711340206185567
,1.0,1.0
,0.0,0.0
,0.2,0.10309278350515463
,0.4,0.20618556701030927
,0.6,0.30927835051546393
,0.8,0.422680412371134
,1.0,1.0
,0.0,0.0
,0.2,0.11458333333333333
,0.4,0.22916666666666666
,0.6,0.34375
,0.8,0.46875
,1.0,1.0
