Name,x,points
,0.0,0.0
,0.2,0.06060606060606061
,0.4,0.12121212121212122
,0.6,0.18181818181818182
,0.8,0.24242424242424243
,1.0,1.0
