Name,x,points
,0.0,0.0
,0.2,0.09
,0.4,0.18
,0.6,0.27
,0.8,0.37
,1.0,1.0
,0.0,0.0
,0.2,0.08163265306122448
,0.4,0.16326530612244897
,0.6,0.24489795918367346
,0.8,0.3877551020408163
,1.0,1.0
,0.0,0.0
,0.2,0.09090909090909091
,0.4,0.18181818181818182
,0.6,0.2727272727272727
,0.8,0.3939393939393939
,1.0,1.0
,0.0,0.0
,0.2,0.0707070707070707
,0.4,0.1414141414141414
,0.6,0.21212121212121213
,0.8,0.46464646464646464
,1.0,1.0
