Name,x,points
,0.0,0.0
,0.2,0.08163265306122448
,0.4,0.16326530612244897
,0.6,0.24489795918367346
,0.8,0.336734693877551
,1.0,1.0
