Name,x,points
,0.0,0.0
,0.2,0.09375
,0.4,0.1875
,0.6,0.28125
,0.8,0.375
,1.0,1.0
