Name,x,points
,0.0,0.0
,0.2,0.1134020618556701
,0.4,0.2268041237113402
,0.6,0.3402061855670103
,0.8,0.5051546391752577
,1.0,1.0
