Name,x,points
,0.0,0.0
,0.2,0.1
,0.4,0.2
,0.6,0.3
,0.8,0.4
,1.0,1.0
,0.0,0.0
,0.2,0.04
,0.4,0.08
,0.6,0.12
,0.8,0.17
,1.0,1.0
,0.0,0.0
,0.2,0.12121212121212122
,0.4,0.24242424242424243
,0.6,0.36363636363636365
,0.8,0.494949494949495
,1.0,1.0
,0.0,0.0
,0.2,0.12121212121212122
,0.4,0.24242424242424243
,0.6,0.36363636363636365
,0.8,0.48484848484848486
,1.0,1.0
